Name,Address
Thomas Hernandez,"20976 Parrish Creek
Lake Williamview, MS 55032"
Thomas Hernandez,"20976 Parrish Creek
Lake Williamview, MS 55032"
Patrick Huff,"578 Adams Ville Apt. 023
North Steve, AR 26097"
Christina Garcia,"74635 Padilla View
Vanessafurt, IN 18874"
Robert Williams,"642 Mary Throughway Apt. 214
Bondfurt, MS 26657"
April Hernandez,"868 Baxter Stravenue Suite 507
South Annette, MI 65241"
Rebecca Christensen,"684 Chase Run
Michaelfurt, MP 56249"
Donald Bentley,"68454 Albert Fords Apt. 620
Cummingsview, AS 25842"
Rita Walters,"0707 Rowland Ford
Brendastad, PA 83849"
Corey Bennett,"0963 Hill Station
South Robin, GU 75957"
Lisa Williams,"2282 Morgan Viaduct Suite 291
Leonhaven, MO 10316"
