requestId,requestor,requestType,description,requestDate
1,Bob,Edit,Edit an existing record,2024-06-02
2,Bob,Edit,Edit an existing record,2024-11-18
3,Eve,Delete,Remove a record,2024-08-26
4,John,Update,Update a record,2024-06-05
5,Jane,Edit,Edit an existing record,2024-04-23
6,Alice,Update,Update a record,2024-04-13
7,Jane,Delete,Remove a record,2024-03-31
8,Jane,Add,Add a new record,2024-08-01
9,Eve,Add,Add a new record,2024-03-29
10,Jane,Update,Update a record,2024-09-18
11,Alice,Delete,Remove a record,2025-01-04
12,Eve,Delete,Remove a record,2025-01-03
13,Alice,Add,Add a new record,2025-01-09
14,Eve,Add,Add a new record,2024-12-16
15,Bob,Edit,Edit an existing record,2025-01-21
16,Alice,Update,Update a record,2024-09-06
17,Jane,Add,Add a new record,2024-05-22
18,Eve,Update,Update a record,2024-06-22
19,John,Delete,Remove a record,2024-12-28
20,Bob,Delete,Remove a record,2024-07-06
21,Alice,Delete,Remove a record,2025-01-29
22,Alice,Update,Update a record,2024-05-15
23,Jim,Update,Update a record,2024-08-12
24,Alice,Delete,Remove a record,2025-03-06
25,Alice,Edit,Edit an existing record,2024-09-09
26,Eve,Update,Update a record,2024-05-10
27,Bob,Add,Add a new record,2024-11-17
28,John,Update,Update a record,2024-08-27
29,Alice,Delete,Remove a record,2024-04-29
30,Alice,Add,Add a new record,2024-09-03
31,Alice,Add,Add a new record,2024-03-30
32,Jane,Update,Update a record,2024-10-20
33,Alice,Update,Update a record,2024-08-26
34,Alice,Update,Update a record,2024-09-22
35,Alice,Update,Update a record,2025-01-31
36,Eve,Update,Update a record,2024-06-21
37,Alice,Edit,Edit an existing record,2024-10-01
38,Jim,Add,Add a new record,2024-05-30
39,Alice,Edit,Edit an existing record,2024-04-22
40,Eve,Update,Update a record,2024-12-23
41,John,Edit,Edit an existing record,2024-11-08
42,Bob,Update,Update a record,2024-05-23
43,Eve,Add,Add a new record,2024-12-07
44,Eve,Delete,Remove a record,2024-12-22
45,Jim,Update,Update a record,2024-09-09
46,Jane,Delete,Remove a record,2024-12-13
47,Jane,Edit,Edit an existing record,2024-09-20
48,John,Delete,Remove a record,2024-04-27
49,Eve,Delete,Remove a record,2024-05-22
50,John,Delete,Remove a record,2024-11-24
51,Alice,Add,Add a new record,2024-11-14
52,Bob,Delete,Remove a record,2024-07-22
53,Bob,Update,Update a record,2024-12-17
54,Alice,Update,Update a record,2024-11-18
55,Bob,Delete,Remove a record,2024-10-16
56,Eve,Add,Add a new record,2025-01-02
57,Eve,Update,Update a record,2024-12-23
58,John,Add,Add a new record,2024-05-09
59,Bob,Add,Add a new record,2024-07-26
60,Alice,Edit,Edit an existing record,2024-08-23
61,Eve,Add,Add a new record,2025-02-07
62,John,Update,Update a record,2024-05-12
63,Bob,Edit,Edit an existing record,2024-12-09
64,Eve,Update,Update a record,2025-01-26
65,Bob,Update,Update a record,2024-10-27
66,Bob,Update,Update a record,2024-09-06
67,Jim,Edit,Edit an existing record,2024-05-23
68,John,Edit,Edit an existing record,2024-08-28
69,Jane,Update,Update a record,2025-01-13
70,John,Delete,Remove a record,2024-11-12
71,Bob,Add,Add a new record,2024-10-18
72,Eve,Add,Add a new record,2025-03-01
73,Eve,Update,Update a record,2024-11-11
74,Bob,Delete,Remove a record,2024-12-16
75,Jane,Delete,Remove a record,2025-01-16
76,Bob,Update,Update a record,2025-01-10
77,Eve,Edit,Edit an existing record,2024-12-25
78,Eve,Add,Add a new record,2024-11-20
79,Eve,Edit,Edit an existing record,2025-01-19
80,Alice,Update,Update a record,2024-10-01
81,John,Add,Add a new record,2024-09-13
82,Eve,Edit,Edit an existing record,2024-05-25
83,Alice,Delete,Remove a record,2024-05-04
84,Jim,Update,Update a record,2024-12-29
85,John,Update,Update a record,2024-04-18
86,Alice,Update,Update a record,2024-06-26
87,Jane,Update,Update a record,2024-06-02
88,Alice,Delete,Remove a record,2024-05-24
89,Bob,Edit,Edit an existing record,2025-01-10
90,Jim,Delete,Remove a record,2024-05-05
91,John,Update,Update a record,2024-04-06
92,Jane,Update,Update a record,2024-12-03
93,John,Edit,Edit an existing record,2024-11-14
94,Jane,Update,Update a record,2024-10-27
95,Jane,Update,Update a record,2024-11-21
96,John,Delete,Remove a record,2024-06-20
97,Alice,Delete,Remove a record,2025-03-12
98,Jim,Edit,Edit an existing record,2025-02-22
99,Alice,Delete,Remove a record,2024-12-28
100,Jane,Add,Add a new record,2024-08-16
101,Alice,Add,Add a new record,2024-09-02
102,Bob,Edit,Edit an existing record,2024-12-07
103,Alice,Update,Update a record,2025-03-16
104,Jim,Delete,Remove a record,2024-08-02
105,Jane,Edit,Edit an existing record,2024-06-28
106,Alice,Update,Update a record,2024-06-05
107,Eve,Delete,Remove a record,2024-08-18
108,John,Update,Update a record,2024-08-22
109,Jim,Edit,Edit an existing record,2024-12-04
110,John,Edit,Edit an existing record,2025-02-13
111,Jim,Edit,Edit an existing record,2024-04-01
112,Eve,Delete,Remove a record,2025-01-26
113,Eve,Delete,Remove a record,2024-09-07
114,John,Add,Add a new record,2024-08-19
115,Eve,Update,Update a record,2024-09-06
116,John,Delete,Remove a record,2024-07-01
117,Jim,Update,Update a record,2024-09-27
118,Jim,Update,Update a record,2024-06-26
119,Jane,Add,Add a new record,2024-04-20
120,John,Update,Update a record,2024-09-05
121,Bob,Add,Add a new record,2024-11-03
122,Eve,Delete,Remove a record,2024-04-11
123,John,Update,Update a record,2024-07-07
124,Jim,Add,Add a new record,2025-03-02
125,Eve,Update,Update a record,2025-02-22
126,Jim,Update,Update a record,2024-06-25
127,Bob,Update,Update a record,2024-12-25
128,Eve,Delete,Remove a record,2024-10-31
129,Jane,Add,Add a new record,2024-04-25
130,Jim,Update,Update a record,2024-09-02
131,Alice,Update,Update a record,2024-11-09
132,Alice,Update,Update a record,2025-01-05
133,Bob,Delete,Remove a record,2024-07-09
134,Eve,Delete,Remove a record,2025-01-08
135,Alice,Delete,Remove a record,2025-03-01
136,Bob,Add,Add a new record,2024-12-25
137,Alice,Update,Update a record,2024-05-03
138,Bob,Update,Update a record,2024-10-27
139,Alice,Delete,Remove a record,2024-11-13
140,Bob,Edit,Edit an existing record,2024-09-06
141,Jane,Update,Update a record,2024-06-07
142,Alice,Delete,Remove a record,2024-11-27
143,Eve,Delete,Remove a record,2025-03-19
144,Jim,Edit,Edit an existing record,2024-10-28
145,John,Add,Add a new record,2024-12-15
146,Jim,Delete,Remove a record,2024-05-30
147,Jim,Delete,Remove a record,2024-08-06
148,Eve,Add,Add a new record,2024-05-30
149,Bob,Edit,Edit an existing record,2024-11-06
150,Jim,Delete,Remove a record,2024-10-07
151,Jim,Update,Update a record,2024-03-21
152,John,Add,Add a new record,2024-05-17
153,Jane,Delete,Remove a record,2024-09-28
154,John,Add,Add a new record,2024-11-02
155,Jane,Update,Update a record,2024-06-16
156,Bob,Update,Update a record,2024-05-13
157,Eve,Edit,Edit an existing record,2024-12-03
158,Jane,Update,Update a record,2025-03-10
159,Bob,Update,Update a record,2024-12-24
160,Bob,Delete,Remove a record,2024-04-06
161,John,Edit,Edit an existing record,2024-09-03
162,Alice,Edit,Edit an existing record,2024-08-05
163,Jane,Update,Update a record,2024-06-03
164,Jim,Add,Add a new record,2024-11-19
165,John,Update,Update a record,2024-07-24
166,Bob,Update,Update a record,2024-05-08
167,Bob,Delete,Remove a record,2024-08-05
168,Jim,Add,Add a new record,2024-05-29
169,Eve,Update,Update a record,2024-08-06
170,Jane,Update,Update a record,2025-02-12
171,Jim,Delete,Remove a record,2025-02-26
172,Alice,Add,Add a new record,2024-06-26
173,Jane,Update,Update a record,2024-06-11
174,Jim,Add,Add a new record,2025-02-06
175,Bob,Add,Add a new record,2024-09-02
176,Alice,Add,Add a new record,2025-02-03
177,Alice,Edit,Edit an existing record,2024-10-03
178,Eve,Edit,Edit an existing record,2024-06-07
179,Eve,Edit,Edit an existing record,2024-07-14
180,Jane,Update,Update a record,2024-03-29
181,Eve,Edit,Edit an existing record,2024-07-27
182,Alice,Edit,Edit an existing record,2024-07-31
183,John,Update,Update a record,2024-10-24
184,John,Delete,Remove a record,2025-03-01
185,John,Delete,Remove a record,2024-07-20
186,Jim,Edit,Edit an existing record,2025-02-15
187,Jane,Add,Add a new record,2024-06-23
188,Jim,Add,Add a new record,2024-12-03
189,Bob,Add,Add a new record,2024-08-19
190,Jim,Update,Update a record,2024-11-20
191,Alice,Update,Update a record,2024-05-28
192,John,Delete,Remove a record,2025-02-24
193,Alice,Delete,Remove a record,2024-09-22
194,Alice,Edit,Edit an existing record,2024-08-01
195,John,Delete,Remove a record,2024-05-25
196,Alice,Edit,Edit an existing record,2024-09-12
197,Eve,Edit,Edit an existing record,2024-03-28
198,John,Update,Update a record,2024-07-22
199,John,Add,Add a new record,2024-06-24
200,Jane,Update,Update a record,2024-12-16
201,John,Edit,Edit an existing record,2024-05-05
202,Bob,Edit,Edit an existing record,2025-03-12
203,Eve,Edit,Edit an existing record,2024-03-25
204,Jim,Delete,Remove a record,2025-02-09
205,Alice,Delete,Remove a record,2024-11-27
206,Jim,Delete,Remove a record,2025-02-06
207,Jim,Update,Update a record,2025-03-01
208,Eve,Edit,Edit an existing record,2025-01-15
209,John,Add,Add a new record,2024-04-08
210,Alice,Add,Add a new record,2024-06-12
211,Alice,Edit,Edit an existing record,2024-10-13
212,Jane,Delete,Remove a record,2024-04-15
213,Alice,Edit,Edit an existing record,2024-10-06
214,Alice,Edit,Edit an existing record,2024-06-25
215,John,Delete,Remove a record,2024-04-08
216,Jim,Update,Update a record,2024-05-30
217,Alice,Add,Add a new record,2024-12-25
218,Jim,Update,Update a record,2024-07-12
219,John,Update,Update a record,2024-07-28
220,Jane,Add,Add a new record,2024-09-08
221,Eve,Edit,Edit an existing record,2024-09-16
222,Jim,Edit,Edit an existing record,2024-12-28
223,Jim,Update,Update a record,2024-05-14
224,Alice,Edit,Edit an existing record,2024-05-14
225,Alice,Delete,Remove a record,2024-06-08
226,Jim,Add,Add a new record,2024-03-23
227,Jim,Add,Add a new record,2024-05-20
228,John,Edit,Edit an existing record,2024-10-18
229,Jane,Edit,Edit an existing record,2024-09-27
230,Alice,Edit,Edit an existing record,2024-05-04
231,Alice,Add,Add a new record,2024-12-11
232,Eve,Add,Add a new record,2024-04-29
233,Alice,Update,Update a record,2024-04-21
234,John,Delete,Remove a record,2025-03-04
235,John,Update,Update a record,2024-08-28
236,Eve,Delete,Remove a record,2025-01-14
237,Jim,Update,Update a record,2024-06-04
238,Alice,Edit,Edit an existing record,2024-10-18
239,John,Update,Update a record,2024-06-26
240,Eve,Add,Add a new record,2024-07-28
241,Bob,Delete,Remove a record,2025-03-10
242,Jim,Update,Update a record,2024-04-10
243,Eve,Edit,Edit an existing record,2025-03-17
244,Eve,Edit,Edit an existing record,2025-02-27
245,Eve,Delete,Remove a record,2024-07-06
246,Jane,Delete,Remove a record,2024-06-12
247,Jim,Delete,Remove a record,2024-08-20
248,Alice,Delete,Remove a record,2025-01-01
249,Alice,Add,Add a new record,2024-09-27
250,Bob,Add,Add a new record,2024-08-28
251,Jane,Add,Add a new record,2024-07-10
252,Jane,Update,Update a record,2024-09-14
253,John,Add,Add a new record,2024-09-16
254,Jim,Add,Add a new record,2024-12-19
255,Bob,Add,Add a new record,2024-04-04
256,Eve,Edit,Edit an existing record,2025-03-20
257,Eve,Edit,Edit an existing record,2024-12-02
258,Alice,Add,Add a new record,2024-09-14
259,Bob,Edit,Edit an existing record,2024-08-06
260,Bob,Edit,Edit an existing record,2024-09-02
261,Eve,Add,Add a new record,2025-01-19
262,Jane,Add,Add a new record,2024-08-07
263,Bob,Update,Update a record,2024-06-08
264,John,Update,Update a record,2024-08-31
265,Eve,Edit,Edit an existing record,2024-07-19
266,Eve,Delete,Remove a record,2024-06-22
267,Jim,Add,Add a new record,2024-12-08
268,Eve,Delete,Remove a record,2024-09-21
269,Bob,Add,Add a new record,2025-01-07
270,Bob,Add,Add a new record,2024-11-28
271,Eve,Add,Add a new record,2024-09-12
272,Jane,Add,Add a new record,2024-07-12
273,Alice,Add,Add a new record,2024-11-25
274,Alice,Delete,Remove a record,2024-05-16
275,Jane,Edit,Edit an existing record,2024-05-29
276,Bob,Delete,Remove a record,2024-08-10
277,Eve,Update,Update a record,2024-09-07
278,Jim,Add,Add a new record,2024-10-21
279,Jane,Update,Update a record,2024-11-07
280,Bob,Update,Update a record,2024-06-13
281,John,Delete,Remove a record,2024-12-24
282,Jane,Edit,Edit an existing record,2024-06-16
283,John,Add,Add a new record,2024-09-19
284,John,Update,Update a record,2024-08-14
285,Eve,Edit,Edit an existing record,2024-08-28
286,Jim,Update,Update a record,2024-07-22
287,Jim,Update,Update a record,2024-05-12
288,Alice,Update,Update a record,2024-06-23
289,Bob,Update,Update a record,2025-03-21
290,Jim,Add,Add a new record,2024-12-02
291,Jane,Add,Add a new record,2024-10-09
292,Alice,Delete,Remove a record,2024-11-12
293,Alice,Delete,Remove a record,2025-01-16
294,Bob,Add,Add a new record,2024-11-12
295,Eve,Delete,Remove a record,2024-05-04
296,Eve,Delete,Remove a record,2024-06-11
297,Eve,Delete,Remove a record,2024-05-10
298,John,Delete,Remove a record,2024-06-15
299,Jane,Update,Update a record,2024-04-11
300,Jim,Edit,Edit an existing record,2024-10-30
301,Alice,Delete,Remove a record,2024-12-17
302,Jim,Edit,Edit an existing record,2025-02-01
303,John,Add,Add a new record,2025-01-24
304,Eve,Edit,Edit an existing record,2024-03-29
305,Jane,Delete,Remove a record,2025-02-23
306,Alice,Edit,Edit an existing record,2024-11-05
307,Eve,Add,Add a new record,2024-06-01
308,Jim,Delete,Remove a record,2024-08-03
309,Alice,Edit,Edit an existing record,2025-02-28
310,Jane,Delete,Remove a record,2024-06-10
311,Bob,Delete,Remove a record,2024-10-17
312,John,Edit,Edit an existing record,2024-08-25
313,Alice,Add,Add a new record,2024-10-17
314,Eve,Edit,Edit an existing record,2024-10-19
315,Alice,Edit,Edit an existing record,2024-12-27
316,John,Edit,Edit an existing record,2024-04-18
317,Eve,Delete,Remove a record,2024-09-29
318,Jane,Update,Update a record,2025-03-19
319,Jim,Edit,Edit an existing record,2024-06-16
320,Jim,Delete,Remove a record,2024-04-14
321,John,Add,Add a new record,2024-08-19
322,Alice,Edit,Edit an existing record,2024-08-24
323,Jim,Delete,Remove a record,2025-01-29
324,John,Delete,Remove a record,2025-01-06
325,Alice,Edit,Edit an existing record,2024-05-24
326,Eve,Delete,Remove a record,2025-02-16
327,Eve,Edit,Edit an existing record,2025-01-13
328,Jane,Update,Update a record,2024-10-07
329,Jane,Update,Update a record,2025-01-10
330,Bob,Edit,Edit an existing record,2024-06-06
331,Alice,Update,Update a record,2024-08-17
332,Eve,Delete,Remove a record,2024-07-24
333,John,Edit,Edit an existing record,2024-04-22
334,Eve,Edit,Edit an existing record,2025-03-20
335,Bob,Edit,Edit an existing record,2024-10-17
336,Eve,Update,Update a record,2025-01-03
337,Eve,Edit,Edit an existing record,2024-06-01
338,Eve,Edit,Edit an existing record,2024-05-28
339,Jane,Delete,Remove a record,2024-06-16
340,Jane,Delete,Remove a record,2024-08-02
341,Bob,Add,Add a new record,2024-07-28
342,John,Add,Add a new record,2024-08-18
343,John,Add,Add a new record,2024-12-10
344,Jane,Delete,Remove a record,2024-11-12
345,Alice,Delete,Remove a record,2024-12-17
346,Jane,Delete,Remove a record,2024-04-12
347,John,Delete,Remove a record,2024-12-09
348,Eve,Delete,Remove a record,2024-10-18
349,Alice,Delete,Remove a record,2025-03-15
350,Eve,Edit,Edit an existing record,2024-04-08
351,Bob,Update,Update a record,2024-03-26
352,Jim,Edit,Edit an existing record,2024-12-05
353,Bob,Edit,Edit an existing record,2024-10-25
354,Alice,Edit,Edit an existing record,2024-04-21
355,Jim,Delete,Remove a record,2024-11-15
356,John,Update,Update a record,2024-12-04
357,Alice,Update,Update a record,2024-05-26
358,John,Update,Update a record,2024-04-05
359,Alice,Edit,Edit an existing record,2024-03-29
360,Bob,Update,Update a record,2024-11-20
361,Alice,Update,Update a record,2024-03-27
362,Bob,Add,Add a new record,2025-03-20
363,Eve,Edit,Edit an existing record,2025-01-13
364,Alice,Edit,Edit an existing record,2025-02-08
365,Jane,Update,Update a record,2024-07-07
366,Bob,Edit,Edit an existing record,2024-12-08
367,Jim,Add,Add a new record,2024-07-29
368,Alice,Update,Update a record,2024-05-14
369,Bob,Update,Update a record,2025-02-13
370,Eve,Edit,Edit an existing record,2024-05-18
371,Eve,Add,Add a new record,2025-02-14
372,John,Update,Update a record,2024-07-24
373,Alice,Add,Add a new record,2024-08-30
374,Eve,Update,Update a record,2024-08-22
375,Jim,Update,Update a record,2024-06-19
376,Alice,Edit,Edit an existing record,2024-06-15
377,Eve,Add,Add a new record,2025-02-08
378,John,Edit,Edit an existing record,2024-06-28
379,Bob,Edit,Edit an existing record,2025-01-22
380,Jim,Delete,Remove a record,2024-12-26
381,Alice,Add,Add a new record,2024-04-05
382,Jim,Update,Update a record,2024-09-13
383,Bob,Update,Update a record,2024-09-14
384,Alice,Edit,Edit an existing record,2024-06-01
385,Bob,Add,Add a new record,2024-08-10
386,Jane,Update,Update a record,2024-08-20
387,Jim,Edit,Edit an existing record,2024-06-18
388,Jim,Delete,Remove a record,2024-11-04
389,Eve,Edit,Edit an existing record,2025-01-10
390,Jane,Delete,Remove a record,2024-10-23
391,Eve,Add,Add a new record,2024-04-12
392,Eve,Update,Update a record,2024-03-21
393,Eve,Edit,Edit an existing record,2025-01-14
394,Eve,Add,Add a new record,2024-10-14
395,Bob,Add,Add a new record,2024-04-18
396,Jane,Delete,Remove a record,2024-09-27
397,Alice,Update,Update a record,2024-10-03
398,Jane,Delete,Remove a record,2024-10-18
399,Bob,Add,Add a new record,2024-10-03
400,Bob,Edit,Edit an existing record,2024-07-04
401,Jim,Delete,Remove a record,2024-07-30
402,John,Add,Add a new record,2025-02-06
403,John,Add,Add a new record,2024-09-20
404,Bob,Delete,Remove a record,2024-09-12
405,Eve,Add,Add a new record,2024-10-11
406,Eve,Add,Add a new record,2024-08-20
407,Bob,Delete,Remove a record,2024-11-04
408,John,Delete,Remove a record,2025-01-13
409,Jane,Delete,Remove a record,2024-06-07
410,Jim,Delete,Remove a record,2024-04-13
411,John,Edit,Edit an existing record,2024-10-07
412,Eve,Add,Add a new record,2025-01-17
413,Eve,Update,Update a record,2024-03-29
414,John,Update,Update a record,2024-11-15
415,Bob,Delete,Remove a record,2024-03-28
416,Jim,Add,Add a new record,2024-06-14
417,John,Edit,Edit an existing record,2024-06-08
418,Bob,Update,Update a record,2025-03-03
419,John,Add,Add a new record,2024-09-03
420,Eve,Edit,Edit an existing record,2024-08-11
421,Eve,Edit,Edit an existing record,2025-03-10
422,Eve,Delete,Remove a record,2025-03-03
423,Jim,Update,Update a record,2024-03-27
424,Eve,Delete,Remove a record,2024-11-27
425,John,Update,Update a record,2024-06-17
426,Jane,Delete,Remove a record,2024-08-09
427,Bob,Add,Add a new record,2025-01-28
428,Eve,Delete,Remove a record,2024-05-21
429,Jane,Edit,Edit an existing record,2024-09-04
430,Jane,Add,Add a new record,2024-05-30
431,Alice,Delete,Remove a record,2024-07-19
432,Jim,Edit,Edit an existing record,2024-11-09
433,John,Edit,Edit an existing record,2024-07-19
434,Alice,Edit,Edit an existing record,2024-07-17
435,Alice,Delete,Remove a record,2024-05-12
436,Jim,Delete,Remove a record,2024-04-23
437,Eve,Add,Add a new record,2024-11-22
438,Bob,Add,Add a new record,2024-10-03
439,Jim,Edit,Edit an existing record,2025-01-05
440,Alice,Edit,Edit an existing record,2024-11-08
441,Alice,Delete,Remove a record,2024-11-19
442,Jim,Update,Update a record,2024-09-30
443,Bob,Edit,Edit an existing record,2024-10-27
444,Alice,Add,Add a new record,2024-06-23
445,Eve,Edit,Edit an existing record,2024-09-25
446,Eve,Update,Update a record,2024-07-31
447,John,Delete,Remove a record,2024-06-01
448,Eve,Edit,Edit an existing record,2024-07-25
449,Jane,Add,Add a new record,2024-09-08
450,Bob,Add,Add a new record,2024-06-09
451,Bob,Add,Add a new record,2024-09-14
452,John,Update,Update a record,2024-10-22
453,Jane,Delete,Remove a record,2025-01-23
454,Alice,Delete,Remove a record,2024-04-25
455,John,Delete,Remove a record,2024-09-14
456,Bob,Add,Add a new record,2025-02-25
457,John,Delete,Remove a record,2024-11-12
458,Eve,Edit,Edit an existing record,2024-05-20
459,John,Add,Add a new record,2025-02-28
460,Bob,Update,Update a record,2024-04-27
461,Jim,Update,Update a record,2024-09-01
462,Alice,Update,Update a record,2024-08-04
463,Alice,Update,Update a record,2025-03-19
464,Bob,Add,Add a new record,2024-12-29
465,Alice,Update,Update a record,2024-10-06
466,John,Add,Add a new record,2024-11-03
467,Jane,Edit,Edit an existing record,2024-07-08
468,Bob,Update,Update a record,2024-04-24
469,Alice,Update,Update a record,2025-01-13
470,Jim,Edit,Edit an existing record,2024-08-18
471,Eve,Update,Update a record,2024-03-29
472,Bob,Update,Update a record,2024-12-06
473,John,Edit,Edit an existing record,2024-05-01
474,Jim,Delete,Remove a record,2024-08-10
475,Bob,Edit,Edit an existing record,2024-08-14
476,Jim,Delete,Remove a record,2024-03-29
477,Alice,Add,Add a new record,2024-07-06
478,Jim,Add,Add a new record,2024-06-22
479,Alice,Update,Update a record,2024-06-17
480,John,Edit,Edit an existing record,2024-08-30
481,Bob,Add,Add a new record,2024-10-02
482,Bob,Edit,Edit an existing record,2024-06-25
483,Alice,Update,Update a record,2024-11-12
484,John,Update,Update a record,2024-04-29
485,John,Delete,Remove a record,2024-11-03
486,Jane,Add,Add a new record,2024-10-31
487,Jane,Update,Update a record,2024-10-21
488,John,Edit,Edit an existing record,2024-06-26
489,John,Update,Update a record,2024-07-10
490,Eve,Add,Add a new record,2025-03-04
491,Jane,Edit,Edit an existing record,2024-11-17
492,Eve,Delete,Remove a record,2024-07-04
493,John,Edit,Edit an existing record,2025-02-12
494,John,Add,Add a new record,2024-04-19
495,Bob,Add,Add a new record,2025-01-24
496,Jane,Edit,Edit an existing record,2024-08-20
497,Alice,Delete,Remove a record,2025-01-12
498,John,Update,Update a record,2025-01-14
499,Alice,Edit,Edit an existing record,2024-10-24
500,Bob,Edit,Edit an existing record,2024-09-16
